년도,출자분야,운용사,조합명,만기일,금액,약정액
2019,LP지분유동화,포스코기술투자㈜,피씨씨-우리 LP지분 유동화 펀드,2027-12-31,26000.0,10000.0
2019,미세먼지해결,㈜이앤인베스트먼트,2019모태이앤클린에어펀드,2027-12-29,21500.0,15000.0
2019,대학창업,숭실대학교기술지주,숭실대 SUJI 제1호 개인투자조합,2026-12-22,1700.0,1225.0
2019,디지털콘텐츠 해외진출,이에스인베스터,이에스6호디지털콘텐츠글로벌펀드,2026-12-22,15000.0,10500.0
2019,특허기술사업화,퀀텀벤처스코리아,퀀텀5G특화4차산업고급기술펀드,2027-11-27,49700.0,2800.0
2019,특허기술사업화,유티씨인베스트먼트,KB-UTC 혁신 기술금융 벤처투자조합,2027-12-04,50800.0,4100.0
2019,특허기술사업화,스톤브릿지벤처스,2019KIF-스톤브릿지혁신기술성장TCB투자조합,2024-11-14,76500.0,5600.0
2019,관광기업육성,나이스에프앤아이,NICE융합관광신기술투자조합,2027-12-29,22000.0,13000.0
2019,지방기업,다담인베스트먼트,다담 대전 성장지원 1호 투자조합,2027-11-19,10000.0,5600.0
2019,지방기업,세종벤처파트너스,세종 강소기업육성 투자조합 2호 ,2027-12-30,10000.0,4700.0
2019,지방기업,케이앤투자파트너스,케이앤 지방상생 일자리창출 투자조합,2027-12-29,15400.0,8700.0
2019,지방기업,위벤처스,WE지방기업육성펀드1호,2027-11-24,16000.0,9000.0
2019,스마트공장,KT인베스트먼트,케이티스마트공장투자조합,2027-11-06,17000.0,10000.0
2019,농수산벤처(수산일반),아이디벤처스,IDV-IP 수산전문투자조합 2호,2027-12-02,15000.0,5250.0
2019,농수산벤처(수산일반),마이다스동아인베스트먼트,마이다스동아-엔에스씨 수산펀드 2호,2027-12-30,20000.0,7000.0
2019,창업초기,라구나인베스트먼트,라구나 창업초기 투자조합 제2호,2027-12-29,12000.0,7000.0
2019,지방기업,미래과학기술지주,미래지주 창업투자 제2호 개인투자조합,2027-11-24,7000.0,3500.0
2019,지방기업,포항공과대학교기술지주,포스텍 홀딩스 3호 투자조합,2029-12-02,5000.0,3000.0
2019,IP 창출·보호,피앤피인베스트먼트,PNP IP Value Creation 펀드,2027-12-23,17000.0,7500.0
2019,IP 창출·보호,아이디벤처스,IDV IP STAR 투자조합,2027-12-26,30000.0,15000.0
2019,실감 콘텐츠,스마일게이트인베스트먼트,스마일게이트 엑스알 콘텐츠 투자조합,2026-12-30,15000.0,10500.0
2019,중저예산한국영화,쏠레어파트너스,쏠레어 스케일업 영화투자조합 1호,2024-08-13,19300.0,9500.0
2019,콘텐츠 민간제안,유니온투자파트너스,유니온K-문화콘텐츠투자조합,2026-11-24,30000.0,15000.0
2019,청년콘텐츠,보광창업투자,보광 청년창업 콘텐츠 투자조합,2027-11-21,15000.0,8400.0
2019,청년콘텐츠,미시간벤처캐피탈,미시간글로벌콘텐츠투자조합7호,2027-12-05,19000.0,10600.0
2019,게임,케이제이앤투자파트너스,케이제이앤1호게임전문투자조합,2027-12-29,30000.0,15000.0
2019,기술사업화촉진,고려대학교기술지주,고려대 공공기술사업화 촉진 개인투자조합 제1호,2028-08-21,5000.0,3000.0
2019,기술사업화촉진,서울대학교기술지주,서울대 STH 기술사업화 개인투자조합,2026-09-17,9000.0,4000.0
2019,기술사업화촉진,한국과학기술지주,케이에스티(KST) 실험실창업 제1호 개인투자조합,2027-09-15,11300.0,6210.0
2019,기술사업화촉진,에트리홀딩스,에트리홀딩스기술사업화 개인투자조합 2호,2026-09-16,9000.0,4790.0
2019,대학창업,부산대학교기술지주,부산대대학창업 제2호 개인투자조합,2029-09-04,4200.0,3000.0
2019,대학창업,대경지역대학공동기술지주,대경 다이나믹 제1호 개인투자조합,2029-09-22,5050.0,3750.0
2019,대학창업,연세대학교기술지주,연세대학교기술지주 대학창업기업 개인투자조합 YUTH 2호,2029-09-15,3500.0,2625.0
2019,혁신성장,소프트뱅크벤처스,그로스엑셀러레이션펀드,2027-07-18,341020.0,30000.0
2019,해양신산업,캐피탈원,캐피탈원 해양신산업 투자조합,2027-08-18,14500.0,10000.0
2019,해양신산업,수림창업투자,SR 블루이코노미 투자조합,2027-10-07,15000.0,10000.0
2019,IP기반 스타트업육성,이앤벤처파트너스,이앤벤처2호 IP투자조합,2026-11-03,13000.0,7500.0
2019,출판,에스투엘파트너스,디에이밸류-에스투엘 신기술사업투자조합제1호,2025-11-03,11000.0,7000.0
2019,콘텐츠 민간제안,대교인베스트먼트,대교 콘텐츠 융합 전문 투자조합,2028-11-28,20005.0,10000.0
2019,청년콘텐츠,마이다스동아인베스트먼트,마이다스동아 글로벌콘텐츠 투자조합 2호,2027-07-30,11500.0,6000.0
2019,공연,일신창업투자,일신 뉴코리안웨이브 3호 투자조합,2027-07-29,22000.0,14000.0
2019,공연,피앤아이인베스트먼트,P&I문화혁신투자조합,2024-07-17,10800.0,7000.0
2019,지방기업,보광창업투자,보광 밸런스 투자조합,2027-07-16,15000.0,9000.0
2019,지방기업,대덕벤처파트너스,대덕특구창업초기투자조합,2027-07-08,23000.0,12700.0
2019,LP지분유동화,얼머스인베스트먼트,얼머스 KVIC 유동화전문 투자조합,2025-12-26,30000.0,10000.0
2019,M&A,삼호그린인베스트먼트,SGI Dolphin 중소벤처기업 M&A 투자조합,2027-06-12,50530.0,20000.0
2019,M&A,수인베스트먼트캐피탈,NH-수인베스트먼트 혁신성장 M&A 투자조합,2027-09-29,60000.0,24000.0
2019,M&A,나우아이비캐피탈,나우 M&A 투자펀드 1호,2027-10-24,100000.0,40000.0
2019,여성기업,대교인베스트먼트,DKI Growing Star 5호 투자조합,2027-11-06,22000.0,12000.0
2019,소셜임팩트,비하이인베스트먼트,비하이임팩트투자조합1호,2027-09-18,15000.0,10500.0
2019,소셜임팩트,디쓰리쥬빌리파트너스,디쓰리 임팩트 벤처투자조합 제2호,2027-08-08,30850.0,21000.0
2019,소셜임팩트,대성창업투자,대성 따뜻한 임팩트 투자조합,2027-07-25,15000.0,10500.0
2019,소셜임팩트,케이비인베스트먼트,케이비 소셜임팩트 투자조합,2027-08-05,15000.0,10500.0
2019,소셜임팩트,마그나인베스트먼트,마그나프렌드 임팩트인핸스 펀드,2027-08-05,25000.0,17500.0
2019,민간제안,이앤벤처파트너스,이앤벤처3호 스마트투자조합,2026-11-13,20000.0,12000.0
2019,민간제안,코리아에셋투자증권,KAI-KVIC 스마트공장 투자조합,2027-11-21,30000.0,14800.0
2019,민간제안,에이치비인베스트먼트,2019 HB일자리기술금융투자조합,2027-10-21,40000.0,10000.0
2019,민간제안,메가인베스트먼트,메가 청년일자리 레버리지 투자조합,2027-08-25,50000.0,10000.0
2019,민간제안,에스비아이인베스트먼트,2019 SBI 일자리창출 펀드,2026-09-10,53000.0,10000.0
2019,민간제안,린드먼아시아인베스트먼트,린드먼글로벌4차산업혁명투자조합제15호,2027-12-19,50100.0,15000.0
2019,민간제안,스톤브릿지벤처스,아이비케이 스톤브릿지 혁신성장 사모투자합자회사,2027-09-03,126500.0,36000.0
2019,창업초기,동훈인베스트먼트,동훈 테크스타 5호 투자조합,2027-07-14,15000.0,8000.0
2019,창업초기,더시드인베스트먼트,더시드2호펀드,2026-07-18,15000.0,9000.0
2019,창업초기,에이벤처스,에이벤처스 가슴뛰는 창업투자조합,2026-09-23,20000.0,11000.0
2019,창업초기,비에이파트너스,비에이피제2호 퍼스트펭귄투자조합,2027-06-04,22000.0,12000.0
2019,창업초기,패스파인더에이치,패스파인더 스타트업 투자조합,2027-11-14,20000.0,12000.0
2019,창업초기,스퀘어벤처스,신한-스퀘어 스타트업 기술금융 투자조합,2027-09-03,20510.0,12000.0
2019,창업초기,인터밸류파트너스,인터밸류3호 혁신창업 투자조합,2027-07-25,20000.0,12000.0
2019,창업초기,티인베스트먼트,티인베스트먼트창업초기1호,2027-10-17,30000.0,15000.0
2019,창업초기,메디톡스벤처투자,메디톡스투자조합1호,2027-07-14,30000.0,15000.0
2019,창업초기,엘에스케이인베스트먼트,LSK 헬스케어 2호 펀드,2027-07-22,45000.0,24000.0
2019,창업초기,세마트랜스링크인베스트먼트,SETI-KIF창업투자조합IV,2027-11-12,27250.0,12000.0
2019,창업초기,서울투자파트너스,서울투자 혁신모험 벤처조합,2027-10-23,34000.0,15000.0
2019,창업초기,이노폴리스파트너스,이노폴리스 2019 창업초기 투자조합,2027-07-23,25600.0,15000.0
2019,창업초기,씨케이디창업투자,CKD Start-Up 3호 벤처투자조합,2027-09-23,23500.0,10000.0
2019,창업초기,엘앤에스벤처캐피탈,엘앤에스 10호 Early Stage III 투자조합,2027-11-10,20500.0,10000.0
2019,창업초기,어니스트벤처스,어니스트 스마트시티 첨단산업 투자조합,2027-11-21,19000.0,10000.0
2019,창업초기,데일리파트너스,데일리 왓슨 바이오 헬스케어 펀드,2026-07-25,24700.0,10000.0
2018,IP직접투자,케이그라운드벤처스,케이그라운드-홍릉 첨단과학기술사업화 제1호 투자조합,2027-05-14,17910.0,10000.0
2018,IP직접투자,아이디어브릿지자산운용,[아이디어브릿지] 지식재산 1호 창업벤처전문 사모투자합자회사,2027-08-26,14700.0,8000.0
2018,민간제안,인터베스트,인터베스트4차산업투자조합Ⅱ,2026-12-27,158500.0,1000.0
2018,미래환경산업,포스코기술투자,피씨씨-코나 제1호 미래환경산업펀드,2027-04-29,22000.0,13000.0
2018,청년창업,라구나인베스트먼트,라구나 청년창업 투자조합 제1호,2026-12-26,14000.0,4000.0
2018,혁신성장,케이앤투자파트너스,BNK-케이앤 동남권일자리창출1호 투자조합,2026-12-27,32500.0,13000.0
2018,혁신성장,가이아벤처파트너스,가이아혁신성장마케팅투자조합1호 ,2027-01-29,10010.0,3000.0
2018,민간제안,스마일게이트인베스트먼트,스마일게이트패스파인더펀드,2026-12-27,129000.0,1000.0
2018,소셜임팩트,전북지역대학연합기술지주,미래 ESV 투자조합 제1호,2026-12-19,12500.0,10000.0
2018,중저예산 한국영화,대성창업투자,대성굿무비투자조합,2023-10-23,17000.0,12000.0
2018,관광산업육성,마그나인베스트먼트,마그나-액시스 관광산업육성 펀드,2027-03-10,28000.0,17000.0
2018,문화-ICT 해외진출,케이비인베스트먼트,케이비 문화 디지털 콘텐츠 해외진출 투자조합,2027-03-17,40000.0,24000.0
2018,한-아시아 문화산업 공동발전,미시간벤처캐피탈,미시간팬아시아콘텐츠투자조합,2027-03-03,35000.0,20000.0
2018,콘텐츠기업육성,메이플투자파트너스,MIP글로벌콘텐츠투자조합,2027-03-03,20500.0,10000.0
2018,게임,데브시스터즈벤처스,데브-KDBC 문화투자조합,2026-12-06,20000.0,12000.0
2018,자조합출자,한국벤처투자,KEB하나-KVIC 유니콘 모펀드,2028-08-20,110000.0,100.0
2018,일자리매칭,한국벤처투자,일자리 창출 성장지원 펀드,2026-08-15,50600.0,50000.0
2018,창업초기,제이엑스파트너스,제이엑스 3호 투자조합,2027-01-13,20000.0,12000.0
2018,창업초기,이앤벤처파트너스,이앤벤처1호 창업초기투자조합,2026-12-06,20000.0,12000.0
2018,창업초기,퀀텀벤처스코리아,퀀텀창업초기1호투자조합,2026-12-09,21300.0,12000.0
2018,창업초기,비엔에이치인베스트먼트,비엔에이치스타트업3호투자조합,2026-11-04,49500.0,18000.0
2018,창업초기,에스제이투자파트너스,전북-에스제이 퍼스트무버 벤처펀드,2027-01-21,18000.0,9000.0
2018,창업초기,이에스인베스터,이에스5호스타트업펀드,2028-02-13,10000.0,6000.0
2018,창업초기,데브시스터즈벤처스,데브-혁신모험초기 투자조합 4호,2026-09-10,10000.0,6000.0
2018,창업초기,원익투자파트너스,원익 2019 Start-Up 파트너쉽 투자조합,2027-02-13,40000.0,24000.0
2018,창업초기,디에이밸류인베스트먼트,디에이밸류플러스 신기술투자조합,2026-09-16,15000.0,9000.0
2018,창업초기,동문파트너즈,다산창업초기투자조합,2027-01-30,30000.0,18000.0
2018,창업초기,네오플럭스,뉴웨이브 제6호 투자조합,2027-02-19,50000.0,30000.0
2018,혁신성장,유티씨인베스트먼트,유티씨이공일팔의일호(UTC2018-1)사모투자합자회사,2026-12-16,100000.0,40000.0
2018,해외IP수익화,케이비인베스트먼트,케이비 지식재산 투자조합 2호,2026-10-24,40000.0,10000.0
2018,해외IP수익화,아이디벤처스,IDV Global IP Growth 투자조합,2026-12-18,11800.0,7000.0
2018,소셜임팩트,미시간벤처캐피탈,미시간글로벌소셜임팩트투자조합,2026-11-19,12500.0,10000.0
2018,소셜임팩트,다담인베스트먼트,다담 4차산업 소셜임팩트 투자조합,2026-11-15,14500.0,10000.0
2018,소셜임팩트,쿨리지코너인베스트먼트,CCVC 코리아임팩트 펀드,2026-11-28,19500.0,14000.0
2018,민간제안,미래에셋벤처투자,미래에셋 청년창업 투자조합 3호,2026-11-19,20000.0,8000.0
2018,민간제안,한화투자증권,2018한화IoT전문신기술금융투자펀드,2025-04-12,30000.0,8000.0
2018,민간제안,프리미어파트너스,2018 KIF-프리미어 기술금융 투자조합,2025-11-04,63000.0,5400.0
2018,민간제안,아이엠엠인베스트먼트,2018 IMM 벤처펀드,2025-12-05,113500.0,5500.0
2018,민간제안,현대기술투자,울산-현대 신성장산업 육성펀드,2027-09-16,14000.0,8000.0
2018,혁신성장,뉴레이크얼라이언스매니지먼트,뉴레이크 그로쓰 캐피탈 파트너스 사모투자합자회사,2029-02-14,80000.0,20000.0
2018,창업초기,대교인베스트먼트,DKI Growing Star 4호 투자조합,2026-11-15,12500.0,7500.0
2018,대학창업(기술지주형),부산지역대학연합기술지주,부산-대경연합 제3호 개인투자조합,2028-10-03,4180.0,3000.0
2018,대학창업(기술지주형),서울대학교기술지주,서울대 STH 제2호 개인투자조합,2028-08-15,4000.0,2000.0
2018,대학창업(기술지주형),부산대학교기술지주,하이파이브 대학창업개인투자조합,2025-08-19,3000.0,1600.0
2018,대학창업(기술지주형),미래과학기술지주,미래-과기특성화대학 창업투자 제1호 개인투자조합,2027-07-12,6750.0,3700.0
2018,대학창업(기술지주형),한양대학교기술지주회사,한양대학교 창업엔진 개인투자조합,2028-07-31,2740.0,2050.0
2018,대학창업(기술지주형),포항공과대학교기술지주,포스텍 경북 Challenge Seed 투자조합,2028-09-02,5000.0,2650.0
2018,융합콘텐츠창업초기,인라이트벤처스,인라이트 4호 엔제이아이 펀드,2026-09-05,15000.0,10000.0
2018,사회적기업,포스코기술투자,피씨씨 사회적기업2호 펀드,2026-11-06,10800.0,7500.0
2018,스포츠산업육성,이수창업투자,ISU-AJ스포츠투자조합,2026-11-07,17000.0,10000.0
2018,보건산업초기기술창업,시너지아이비투자,시너지 바이오 헬스케어 벤처펀드,2028-10-25,30000.0,18000.0
2018,공공특허사업화,더웰스인베스트먼트,더웰스 IP기술사업화 투자조합,2026-11-08,20000.0,10000.0
2018,가치평가연계,캐피탈원,캐피탈원 콘텐츠가치평가 투자조합,2025-11-15,10010.0,6000.0
2018,해외연계,유니온투자파트너스,유니온글로벌익스페디션투자조합,2025-11-06,25000.0,15000.0
2018,일자리창출,대성창업투자,대성 블라썸 일자리 투자조합,2025-10-23,30100.0,18000.0
2018,일자리창출,케이티비네트워크,KTBN 미래콘텐츠일자리창출투자조합,2026-10-23,30000.0,18000.0
2018,애니메이션·캐릭터,대교인베스트먼트,대교애니메이션전문투자조합,2027-11-15,31000.0,21000.0
2018,여성기업,델타인베스트먼트,델타벤처투자조합1호,2026-11-05,10000.0,6000.0
2018,엔젤세컨더리,어센도벤처스,어센도 제너시스 투자조합,2026-10-11,23250.0,14000.0
2018,소셜임팩트,디쓰리쥬빌리파트너스,D3 임팩트 벤처투자조합 제1호,2026-08-16,15000.0,12000.0
2018,소셜임팩트,코메스인베스트먼트,코메스2018-2 소셜임팩트투자조합,2026-11-15,10000.0,8000.0
2018,민간제안,인사이트에퀴티파트너스,인사이트비전1호 투자조합,2026-11-07,21300.0,8000.0
2018,민간제안,포스코기술투자,연구개발특구 일자리창출펀드 2,2026-07-24,73350.0,28000.0
2018,민간제안,플래티넘기술투자,플래티넘-혁신벤처펀드,2026-11-08,62500.0,3000.0
2018,혁신성장,케이비인베스트먼트,케이비 디지털 이노베이션 벤처투자조합,2026-11-15,136000.0,28000.0
2018,혁신성장,메디치인베스트먼트,메디치 2018-2 중소선도기업 창업투자조합,2026-12-27,78500.0,28000.0
2018,혁신성장,티에스인베스트먼트,티에스 2018-12 M&A 투자조합,2026-12-19,130720.0,32000.0
2018,창업초기,뮤렉스파트너스,뮤렉스퍼플1호투자조합,2026-09-11,38700.0,18000.0
2018,창업초기,코나인베스트먼트,케이브릿지-코나 혁신 스타트업 투자조합,2026-09-20,16600.0,9000.0
2018,창업초기,마그나인베스트먼트,2018 하나-마그나 스타트업 펀드,2026-08-07,32000.0,18000.0
2018,창업초기,비에스케이인베스트먼트,BSK 8호 창업초기 투자조합,2026-11-28,20000.0,12000.0
2018,창업초기,디티앤인베스트먼트,DTNI-창업초기 혁신 투자조합,2026-11-28,58830.0,18000.0
2018,창업초기,어니스트벤처스,스마트 혁신산업단지 제1호 투자조합 ,2026-11-08,20710.0,12000.0
2018,창업초기,삼호그린인베스트먼트,SGI 유니콘 스타트업 투자조합,2026-09-18,30000.0,16500.0
2018,창업초기,씨케이디창업투자,CKD-BS Start-Up 벤처투자조합,2026-11-08,30000.0,18000.0
2018,창업초기,마젤란기술투자,MTI스타트업320펀드,2026-11-08,15000.0,9000.0
2018,창업초기,인터밸류파트너스,인터밸류2호 혁신창업 투자조합,2026-08-12,20000.0,12000.0
2018,민간제안,보광창업투자,전남-보광 청년창업 투자조합,2028-06-27,10000.0,6000.0
2018,소셜임팩트,옐로우독,옐로우독같이하다투자조합,2027-07-10,20200.0,16000.0
2018,창업초기,컴퍼니케이파트너스,컴퍼니케이-교원 창업초기펀드,2026-06-21,30000.0,18000.0
2017,가상·증강현실(VR·AR),코리아에셋투자증권,KAI-KVIC 가상증강현실투자조합,2028-03-29,20000.0,12000.0
2017,청년창업,케이넷투자파트너스,케이넷 VALUE-UP 벤처투자조합,2028-03-08,50000.0,30000.0
2017,4차 산업혁명,BSK인베스트먼트,BSK 7호 E-신산업 투자조합,2027-11-16,30000.0,4900.0
2017,대학창업,부산지역대학연합기술지주,부산연합 제2호 개인투자조합,2027-10-29,3000.0,2200.0
2017,대학창업,서울대학교기술지주,서울대 STH  제1호 개인투자조합,2027-08-20,6000.0,3000.0
2017,대학창업,고려대학교기술지주,고려대 대학창업 제1호 개인투자조합,2027-08-17,3000.0,2250.0
2017,청년창업,KB인베스트먼트,KB 청년창업 3.0 투자조합,2026-12-28,30000.0,18000.0
2017,조선업 구조개선,"(Co-GP)나우아이비캐피탈, 에이스투자금융",나우 에이스 파트너십펀드,2026-06-24,40000.0,20000.0
2017,조선업 구조개선,캐피탈원,캐피탈원 조선업 구조개선 투자조합,2026-04-24,20000.0,10000.0
2017,일반,LB인베스트먼트,LB유망벤처산업펀드,2026-03-28,145600.0,1000.0
2017,청년창업,엠지인베스트먼트,MGI바이오신성장투자조합 1호,2026-03-08,12500.0,7500.0
2017,청년창업,미시간벤처캐피탈,미시간글로벌파이어니어투자조합,2026-03-08,25000.0,15000.0
2017,청년창업,유티씨인베스트먼트,유티씨스테이지컨텐츠펀드,2026-03-08,24500.0,12000.0
2017,재기지원,동문파트너즈,다산에스비에이재기투자조합,2026-02-26,20000.0,16000.0
2017,일반,엘앤에스벤처캐피탈,엘앤에스 글로벌 반도체성장 투자조합,2026-02-22,60000.0,4000.0
2017,관광산업육성,"(Co-GP)에스제이투자파트너스, KB증권",케이비-에스제이 관광벤처조합,2026-01-24,27000.0,15000.0
2017,일반,한국투자파트너스 ,한국투자 Re-Up 펀드,2026-01-22,285000.0,4000.0
2017,청년창업,알바트로스인베스트먼트,알바트로스넥스트제너레이션펀드,2026-01-08,29001.0,15000.0
2017,지식재산권,시너지아이비투자,시너지 밸류 웨이브 벤처펀드,2026-01-07,18000.0,10000.0
2017,지방기업,케이브릿지인베스트먼트,케이브릿지2호 동남권 일자리창출 투자조합,2026-01-07,10000.0,6000.0
2017,재기지원,지온인베스트먼트,지온 재기지원 펀드,2026-01-04,20000.0,16000.0
2017,재기지원,심본투자파트너스,심본2호 리스타트 펀드,2026-01-04,20000.0,16000.0
2017,재기지원,패스파인더에이치,패스파인더 리본 투자조합,2025-12-28,20000.0,16000.0
2017,4차 산업혁명,인터베스트,인터베스트4차산업혁명투자조합,2025-12-28,110000.0,35000.0
2017,4차 산업혁명,포스코기술투자,포스코 4차 산업혁명 펀드,2025-12-28,20000.0,14000.0
2017,4차 산업혁명,케이티비네트워크,KTBN 13호 벤처투자조합,2025-12-28,51000.0,21000.0
2017,청년창업,이에스인베스터,이에스4호청년창업투자조합,2025-12-28,10100.0,6000.0
2017,청년창업,DSC인베스트먼트,DSC드림X청년창업펀드,2025-12-28,50000.0,18000.0
2017,청년창업,스톤브릿지벤처스,스톤브릿지영프론티어투자조합,2025-12-28,42500.0,20500.0
2017,청년창업,세마트랜스링크인베스트먼트,Translink글로벌파트너쉽청년창업투자조합,2025-12-28,35000.0,15000.0
2017,청년창업,"(Co-GP)신한금융투자, 코그니티브인베스트먼트",신한-코그니티브 청년창업 투자조합,2025-12-28,30500.0,16500.0
2017,청년창업,에이치비인베스트먼트,HB 청년창업 투자조합,2025-12-28,75000.0,35000.0
2017,재기지원,케이앤투자파트너스,케이앤 JUMP-UP1호 투자조합,2025-12-27,37500.0,30000.0
2017,재기지원,마그나인베스트먼트,2017 마그나 인스타펀드,2025-12-27,37500.0,30000.0
2017,재기지원,"(Co-GP)케이클라비스인베스트먼트, 비하이인베스트먼트",케이클라비스·비하이 리챌린지 투자조합,2025-12-27,20000.0,16000.0
2017,4차 산업혁명,엘에스케이인베스트먼트,LSK 헬스케어 1호펀드,2025-12-27,20000.0,7000.0
2017,4차 산업혁명,코오롱인베스트먼트,코오롱 2017 4차 산업혁명 투자조합,2025-12-27,67000.0,17500.0
2017,4차 산업혁명,에이티넘인베스트먼트,에이티넘성장투자조합2018,2025-12-27,350000.0,37500.0
2017,청년창업,레오파트너스인베스트먼트,레오9호 효성청년창업펀드,2025-12-27,15500.0,9000.0
2017,청년창업,미래에셋벤처투자,미래에셋 청년창업 투자조합 2호,2025-12-27,25000.0,15000.0
2017,청년창업,현대기술투자,현대청년펀드2호,2025-12-27,60000.0,36000.0
2017,재기지원,메가인베스트먼트,2017 메가RS투자조합,2025-12-26,20000.0,16000.0
2017,재기지원,가이아벤처파트너스,가이아재기지원투자조합1호,2025-12-26,20000.0,16000.0
2017,4차 산업혁명,스틱인베스트먼트,스틱 4차산업혁명 펀드,2025-12-26,108300.0,50000.0
2017,청년창업,대성창업투자,대성 글로벌위너 청년창업 투자조합,2025-12-26,15000.0,9000.0
2017,청년창업,엘앤에스벤처캐피탈,L&S-SDC 청년창업투자조합,2025-12-26,10000.0,6000.0
2017,청년창업,"(Co-GP)수인베스트먼트캐피탈, 신한캐피탈",신한-수인베스트먼트 청년창업 투자조합,2025-12-25,27500.0,16500.0
2017,4차 산업혁명,네오플럭스,신한-네오플럭스 에너지 신산업 투자조합,2025-12-21,60000.0,28000.0
2017,청년창업,데브시스터즈벤처스,데브-넥시드 청년창업 투자조합 3호,2025-12-21,15000.0,6000.0
2017,지방기업,라이트하우스컴바인인베스트,울산-LH 청년창업투자조합,2025-12-20,12000.0,7000.0
2017,지방기업,대덕벤처파트너스,대전4차산업혁명투자조합,2025-12-20,13000.0,7000.0
2017,스포츠산업육성,센트럴투자파트너스,센트럴스포츠투자조합,2025-12-18,17000.0,10000.0
2017,일반,LB인베스트먼트,LB기술금융펀드1호,2025-12-14,54000.0,5000.0
2017,청년창업,제이엑스파트너스,제이엑스 2호 투자조합,2025-12-12,12500.0,7500.0
2017,재기지원,티에스인베스트먼트,티에스 우리-충남 11호 턴어라운드 투자조합,2025-12-06,78000.0,48000.0
2017,4차 산업혁명,에쓰비인베스트먼트,에쓰비4차산업혁명투자조합,2025-12-05,10000.0,7000.0
2017,재기지원,에스제이투자파트너스,에스제이 뉴챌린지 펀드,2025-11-28,37500.0,30000.0
2017,NEW콘텐츠,케이비인베스트먼트,KB NEW콘텐츠 투자조합,2025-11-21,25000.0,10000.0
2017,일반,송현인베스트먼트,송현 e-신산업 펀드,2025-11-15,93000.0,9000.0
2017,청년창업,인라이트벤처스,인라이트 1호 청년창업펀드,2025-11-13,16200.0,9000.0
2017,디지털콘텐츠 창업초기,이에스인베스터,이에스3호디지털콘텐츠창업초기투자조합,2025-10-16,12000.0,8000.0
2017,스포츠산업 육성,보광창업투자,보광25호 스포츠융복합s2투자조합,2025-09-28,12000.0,7000.0
2017,특허기술사업화,유티씨인베스트먼트,유티씨특허기술사업화투자조합,2025-09-25,15000.0,10000.0
2017,청년창업,쿨리지코너인베스트먼트,CCVC-광주 청년창업펀드,2025-09-18,10000.0,6000.0
2017,일반,한국투자파트너스 ,한국투자 Industry 4.0 벤처펀드,2025-09-13,71000.0,1000.0
2017,여성,디티앤인베스트먼트,DTNI-소프트산업육성 투자조합,2025-09-11,15000.0,10000.0
2017,고급기술인력창업,코메스인베스트먼트,코메스 2017-1 스타트업 그린투자조합,2025-09-11,14500.0,8500.0
2017,해외진출,네오플럭스,경기-네오플럭스 슈퍼맨투자조합,2025-09-05,34000.0,12000.0
2017,고급기술인력창업,케이런벤처스,케이런 3호 하이엑스퍼트 투자조합,2025-09-05,15000.0,9000.0
2017,고급기술인력창업,포스코기술투자,포스코 고급기술인력 창업펀드,2025-09-05,25200.0,12000.0
2017,청년창업,에버그린투자파트너스,에버그린투자파트너스 2호 펀드,2025-09-05,20000.0,12000.0
2017,청년창업,세종벤처파트너스,세종 글로벌 청년창업 벤처펀드 2호,2025-09-04,10000.0,6000.0
2017,청년창업,패스파인더에이치,패스파인더 청년창업 투자조합,2025-09-03,15000.0,9000.0
2017,스몰 M&A 매칭,린드먼아시아인베스트먼트,린드먼아시아투자조합12호,2025-08-31,40000.0,20000.0
2017,마이크로VC,심본투자파트너스,심본투자파트너스 1호 투자조합,2025-08-24,17500.0,10500.0
2017,일반,지유투자,지유반도체성장투자조합,2025-08-23,27300.0,500.0
2017,대학창업,연세대학교기술지주,YUTH 대학창업기업 개인투자조합,2025-08-20,3000.0,2250.0
2017,고급기술인력창업,제이엑스파트너스,제이엑스 1호 투자조합,2025-08-13,12500.0,7500.0
2017,고급기술인력창업,세마트랜스링크인베스트먼트,SETI고급기술창업초기투자조합,2025-07-31,18700.0,10500.0
2017,고급기술인력창업,인터밸류파트너스,인터밸류 고급기술인력창업 1호 투자조합,2025-07-11,12500.0,7500.0
2017,일반,서울투자파트너스,서울투자 성장산업 벤처조합,2025-07-02,50000.0,980.0
2017,청년창업,더웰스인베스트먼트,더웰스인베스트먼트 청년창업투자조합,2025-06-25,10000.0,6000.0
2017,일반,에스엘인베스트먼트 ,SLi 퀀텀 성장 펀드,2025-06-21,96000.0,400.0
2017,마이크로VC,비에이파트너스,비에이피제1호첨단기술투자조합,2025-06-08,14000.0,8400.0
2017,콘텐츠기업 재기지원,이수창업투자,ISU-콘텐츠기업재기지원펀드,2025-05-14,14000.0,10000.0
2017,소액투자전문,레오파트너스 인베스트먼트,레오10호 소액투자전문펀드,2025-03-21,15100.0,10000.0
2017,방송드라마,에쓰비인베스트먼트,에쓰비방송콘텐츠투자조합,2025-01-23,13300.0,7800.0
2017,4차 산업혁명,스마일게이트인베스트먼트,2017KIF-스마일게이트싱귤래리티투자조합,2024-12-28,37100.0,15000.0
2017,4차 산업혁명,케이큐브벤처스,KIF-카카오 우리은행 기술금융투자펀드,2024-12-13,76000.0,13000.0
2017,대학창업,전남대학교기술지주회사,NUC-4 대학창업투자조합,2024-10-22,3850.0,2300.0
2017,콘텐츠기업육성,"(Co-GP)화이인베스트먼트, 아이디벤처스",HUAYI-IDV 글로벌 콘텐츠 투자조합,2024-10-18,42200.0,21100.0
2017,소액투자전문,유니온투자파트너스,유니온슈퍼아이피투자조합,2024-10-16,15600.0,10000.0
2017,특허기술사업화,BSK인베스트먼트,BSK 6호 특허기술 투자조합,2024-10-16,15000.0,10000.0
2017,고급기술인력창업,미래에셋벤처투자,미래에셋 하이테크 프론티어 투자조합,2024-09-18,25000.0,15000.0
2017,일반,"(Co-GP)에스브이인베스트먼트, 허난진언투자유한공사",SV글로벌 바이오·헬스케어펀드2호,2024-06-27,53000.0,750.0
2017,방송드라마,일신창업투자,일신 뉴코리안웨이브 2호 투자조합,2024-01-07,15100.0,9000.0
2017,일반,대덕벤처파트너스,충청권 글로벌기술 투자조합,2023-12-04,15000.0,200.0
2017,세컨더리,송현인베스트먼트,2016 KIF-송현M&A·세컨더리 ICT 투자조합,2023-04-27,30000.0,3000.0
2017,미래환경산업,스마일게이트인베스트먼트,스마일게이트녹색성장1호펀드,2022-12-12,42000.0,20000.0
2017,방송드라마,가이아벤처파트너스,가이아방송콘텐츠투자조합1호,2022-12-12,10320.0,6000.0
2017,일반,쏠레어인베스트먼트,쏠레어 영상투자조합 1호,2022-11-30,7000.0,100.0
2017,세컨더리,"(Co-GP)IBK캐피탈, 케이앤투자파트너스",IBKC-케이앤 세컨더리1호 투자조합 ,2022-09-28,20000.0,2000.0
2017,중저예산영화,이수창업투자,ISU-S&M콘텐츠투자조합 2호,2022-07-18,24000.0,14000.0
2017,중저예산영화,캐피탈원,캐피탈원 중저예산영화전문 투자조합 2호,2022-07-11,24000.0,14000.0
2017,방송드라마,지온인베스트먼트,지온 방송·드라마 콘텐츠 펀드,2022-07-09,12000.0,7200.0
2017,일반,시너지아이비투자,시너지 Value Creative 벤처펀드,2022-06-15,3000.0,100.0
2016,자조합출자,한국벤처투자,해외진출 글로벌 펀드 2호,2026-07-13,170700.0,162000.0
2016,마이크로VC,어니스트벤처스,넥시드-어니스트 제1호 투자조합,2026-06-29,18000.0,12500.0
2016,마이크로VC,캡스톤파트너스,2015 KIF-캡스톤 K-Global IOT 초기투자조합,2026-04-24,32850.0,15000.0
2016,청년창업,플래티넘기술투자,지밸리-플래티넘청년창업펀드,2025-08-03,11100.0,7000.0
2016,조선업 구조개선,"(Co-Gp)현대기술투자, 수림창업투자",현대-수림 챔피언십 투자조합,2025-06-27,50000.0,25000.0
2016,바이오산업육성,프리미어파트너스,프리미어 글로벌 이노베이션 1호 투자조합,2025-06-14,75000.0,30000.0
2016,가상·증강현실(VR·AR),케이큐브벤처스,케이큐브 NEO 펀드,2025-05-23,20000.0,12000.0
2016,일반,이노폴리스파트너스,이노폴리스 공공기술기반 펀드,2025-04-11,50100.0,980.0
2016,일반,플래티넘기술투자,플래티넘-유망산업펀드,2025-03-23,29000.0,500.0
2016,일반,소프트뱅크벤처스,에스비글로벌챔프펀드,2025-03-23,121000.0,1000.0
2016,일반,지앤텍벤처투자,지앤텍3호벤처투자조합,2025-02-02,31000.0,500.0
2016,해외진출,KTB네트워크,KTBN 11호 한중시너지펀드 ,2024-12-28,166000.0,1000.0
2016,콘텐츠 영세기업 및 제작초기,쿨리지코너인베스트먼트,CCVC 시작하는 컨텐츠 펀드,2024-12-28,12000.0,8000.0
2016,CG/VFX 전문,유니온투자파트너스,유니온미래브이에프엑스투자조합,2024-12-27,26000.0,12000.0
2016,지방,케이앤투자파트너스,케이앤 지방상생1호 투자조합,2024-12-27,10000.0,5000.0
2016,고급기술인력창업,씨케이디창업투자,CKD6호 Brain Leaders 벤처투자조합,2024-12-14,15000.0,10000.0
2016,디지털콘텐츠 해외진출,SBI인베스트먼트,SBI 디지털콘텐츠 글로벌 익스페디션 투자조합,2024-12-14,15010.0,9000.0
2016,일반,소프트뱅크벤처스,에스비넥스트미디어이노베이션펀드,2024-12-12,147300.0,500.0
2016,창조관광,에이제이캐피탈파트너스,AJ창조관광제1호투자조합,2024-11-29,20000.0,10000.0
2016,특허기술사업화,아이비케이캐피탈,IBK금융그룹 IP창조투자조합 제2호,2024-10-26,20000.0,10000.0
2016,스포츠산업 육성,유티씨인베스트먼트,유티씨스포츠2호펀드,2024-09-29,17000.0,10000.0
2016,특허기술사업화,마젤란기술투자,MTI IP 상용화펀드,2024-09-29,15000.0,10000.0
2016,융합콘텐츠,포스코기술투자,포스코 문화융합콘텐츠펀드,2024-09-26,30000.0,20000.0
2016,지방,에스제이투자파트너스,전북-효성-에스제이 탄소성장펀드,2024-09-12,20000.0,10000.0
2016,여성,캐피탈원,캐피탈원 여성창조기업투자조합,2024-09-12,14500.0,10000.0
2016,특허관리전문회사,아이디어브릿지파트너스,IBP IP Value 투자조합,2024-09-08,45000.0,34000.0
2016,지방,비케이인베스트먼트,BK 5호 동남권 투자조합,2024-08-24,10000.0,5000.0
2016,차세대 미디어콘텐츠,케이앤투자파트너스,케이앤 디지털콘텐츠1호 투자조합,2024-08-24,10000.0,6000.0
2016,청년창업,씨케이디창업투자,CKD Start-Up 2호 벤처투자조합,2024-07-03,10000.0,7000.0
2016,특허기술가치평가,아이디벤처스,IDV IP 창조성장 투자조합,2024-06-23,15000.0,10000.0
2016,특허기술가치평가,알바트로스인베스트먼트,알바트로스 특허가치 창출펀드,2024-06-20,15000.0,10000.0
2016,청년창업,디티앤인베스트먼트,DTNI-스타트업 창조성장 투자조합,2024-06-20,11500.0,7000.0
2016,청년창업,데브시스터즈벤처스,데브-청년창업 투자조합 2호,2024-06-17,15000.0,9000.0
2016,해외진출,세마트랜스링크인베스트먼트,Translink글로벌파트너쉽투자조합,2024-06-02,32870.0,3000.0
2016,일반,인터베스트,SEMA-인터베스트바이오헬스케어전문투자조합,2024-05-29,51460.0,3000.0
2016,청년창업,미래에셋벤처투자,미래에셋 청년창업 투자조합,2024-05-23,14000.0,9000.0
2016,일반,한국투자파트너스,한국투자 핵심역량 레버리지 펀드,2024-05-19,100000.0,1000.0
2016,마이크로VC,대덕벤처파트너스,충청권 스타트업 액셀러레이팅 투자조합,2024-05-19,18800.0,12500.0
2016,청년창업,코나벤처파트너스,4:33 United-코나 청년창업투자조합,2024-05-18,16000.0,11000.0
2016,일반,에이티넘인베스트먼트,에이티넘뉴패러다임투자조합,2024-05-18,100000.0,1000.0
2016,아시아문화중심도시육성,마그나인베스트먼트,마그나 아시아문화중심도시 육성 펀드,2024-02-20,10000.0,3000.0
2016,세컨더리,네오플럭스,네오플럭스 Market-Frontier 세컨더리펀드,2023-12-27,76000.0,1000.0
2016,콘텐츠가치평가연계,타임와이즈인베스트먼트,KOREA 콘텐츠가치평가투자조합,2023-11-29,20100.0,10000.0
2016,문화 ICT융합,컴퍼니케이파트너스,컴퍼니케이 문화-ICT 융합펀드,2023-10-09,40000.0,19000.0
2016,제작초기,가이아벤처파트너스,가이아문화콘텐츠투자조합,2023-09-27,20420.0,12000.0
2016,일반,에스브이인베스트먼트,SV Gap-Coverage펀드 2호,2023-07-27,68100.0,1000.0
2016,일반,코그니티브인베스트먼트,코그니티브 유망서비스산업 투자조합,2023-03-23,14250.0,250.0
2016,일반,파트너스인베스트먼트,파트너스7호세컨더리투자조합,2023-03-20,50000.0,500.0
2016,일반,에스비아이인베스트먼트,SBI 크로스보더 어드밴티지 펀드,2023-03-16,81000.0,1000.0
2016,조선업 구조개선,"(Co-Gp)KB인베스트먼트, 포스코기술투자",포스코-KB 조선업 투자조합,2022-06-21,40000.0,20000.0
2016,조선업 구조개선,비케이인베스트먼트,BK 6호 조선업 구조개선 투자조합,2022-05-25,50000.0,25000.0
2016,CG 한국영화,미시간벤처캐피탈,미시간글로벌콘텐츠투자조합 6호,2021-12-28,24000.0,14000.0
2016,세컨더리,케이앤투자파트너스,케이앤 세컨더리2호 투자조합,2021-12-13,3000.0,600.0
2016,M&A,스마일게이트인베스트먼트,스마일게이트2016-2KVF,2021-11-22,21300.0,4200.0
2016,CG & 애니메이션,피앤아이인베스트먼트,P&I 문화기술 투자조합,2021-10-16,20100.0,10000.0
2016,일반,디티앤인베스트먼트,성장기업 Venture 투자조합 1호,2021-08-18,11315.0,220.0
2016,세컨더리,"(Co-Gp)아이비케이캐피탈, 메디치인베스트먼트",IBKC-메디치 세컨더리 투자조합,2021-07-19,35000.0,500.0
2016,융합콘텐츠,대성창업투자,IBK-대성 위풍당당 강소콘텐츠 코리아 투자조합,2021-07-14,15000.0,10000.0
2016,세컨더리,미래에셋벤처투자,미래에셋 좋은기업 세컨더리 투자조합 2호,2021-07-12,20000.0,100.0
2016,세컨더리,IMM인베스트먼트,IMM 세컨더리 벤처펀드 제1호,2021-05-30,25300.0,100.0
2015,자조합출자,한국벤처투자,엔젤 모펀드,2035-11-17,41628.9,41200.0
2015,한중문화산업공동발전,티지씨케이파트너스,TGCK 한중문화산업공동발전투자조합,2026-05-30,50000.0,20000.0
2015,엔젤투자매칭,한국벤처투자,대전 엔젤투자매칭펀드,2025-12-28,5000.0,3950.0
2015,청년창업,케이넷투자파트너스,SK-KNET창조경제혁신투자조합,2025-12-17,30000.0,21000.0
2015,엔젤투자매칭,한국벤처투자,전남 엔젤투자매칭펀드,2025-11-19,5000.0,3950.0
2015,엔젤투자매칭,한국벤처투자,충남 엔젤투자매칭펀드,2025-10-26,5000.0,3950.0
2015,자조합출자,한국벤처투자,한국전력 모펀드,2025-08-18,52500.0,30.0
2015,엔젤투자매칭,한국벤처투자,울산 엔젤투자매칭펀드,2025-07-29,5000.0,3950.0
2015,일반,현대기술투자,현대기술투자수소펀드,2025-07-15,16100.0,100.0
2015,엔젤세컨더리,보광창업투자,넥시드-보광 엔젤세컨더리2호펀드,2024-06-20,20000.0,12000.0
2015,LP지분유동화,스마일게이트인베스트먼트,스마일게이트H-세컨더리1호조합,2024-05-25,75000.0,30000.0
2015,특허기술사업화,"유티씨인베스트먼트, 아이디어브릿지파트너스(LLC)",아이디어브릿지파트너스-UTC기술강소기업투자 1호조합,2024-04-24,15000.0,10000.0
2015,엔젤세컨더리,오스트인베스트먼트,오스트 성장기여세컨더리펀드,2024-03-31,10000.0,6000.0
2015,마이크로VC,케이런벤처스,케이런 1호 스타트업 투자조합,2024-03-24,17000.0,12000.0
2015,마이크로VC,에버그린투자파트너스,에버그린투자파트너스 1호 펀드,2024-03-21,15200.0,12000.0
2015,마이크로VC,케이브릿지인베스트먼트,케이브릿지 1호 스타트업 투자조합,2024-03-07,17000.0,12000.0
2015,청년창업,쿨리지코너인베스트먼트,CCVC-부산 청년창업펀드,2024-03-03,10000.0,7000.0
2015,해외진출,LB인베스트먼트,LB글로벌익스팬션투자조합,2024-02-21,81500.0,1000.0
2015,글로벌헬스케어,"KB인베스트먼트, 솔리더스인베스트먼트",KB-솔리더스 글로벌 헬스케어 펀드,2024-01-24,150000.0,30000.0
2015,디지털콘텐츠 산업육성,케이큐브벤처스,카카오 디지털콘텐츠 펀드,2024-01-04,37100.0,3000.0
2015,디지털콘텐츠 산업육성,인터베스트,2015KIF-인터베스트 IT디지털콘텐츠전문투자조합,2023-12-30,46500.0,4500.0
2015,디지털콘텐츠 창업초기,이에스인베스터,이에스에스프리디지털콘텐츠창업초기투자조합,2023-12-22,16300.0,10000.0
2015,일반,이노폴리스파트너스,이노폴리스 2015 제조-loT 투자조합,2023-12-21,31100.0,100.0
2015,유망서비스산업,에이치비인베스트먼트,HB 유망서비스산업투자조합,2023-12-21,34000.0,2000.0
2015,여성,수림창업투자,수림여성창조기업벤처투자조합,2023-12-21,14500.0,10000.0
2015,융합콘텐츠 기획개발,미시간벤처캐피탈,미시간글로벌콘텐츠투자조합5호,2023-12-21,28000.0,7000.0
2015,지방,마그나인베스트먼트,마그나4호 빛가람 펀드,2023-12-02,13000.0,5000.0
2015,창조경제밸리,디티앤인베스트먼트,DTNI-KVIC 판교 창조경제 밸리 투자조합,2023-12-02,22780.0,10000.0
2015,해외진출,린드먼아시아인베스트먼트,린드먼아시아투자조합10호,2023-11-27,75800.0,20000.0
2015,융합콘텐츠 기반기술 활성화,센트럴투자파트너스,센트럴융합콘텐츠기술투자조합,2023-11-22,40000.0,10000.0
2015,특허기술사업화,아이디벤처스,IDV IP Value-Creation 투자조합,2023-11-12,15000.0,10000.0
2015,M&A,티에스인베스트먼트,티에스2015-9 성장전략 M&A 투자조합,2023-10-28,95000.0,4200.0
2015,M&A,에이치비인베스트먼트,에이치비성장지원엠앤에이투자조합,2023-10-27,61500.0,2300.0
2015,청년창업,보광창업투자,보광23호청년창업투자조합,2023-10-15,10000.0,7000.0
2015,지방,세종벤처파트너스,강원-세종 강소기업육성 상생 투자조합,2023-10-11,14475.0,5000.0
2015,일반,"키움인베스트먼트, Brightstar Partners Ltd., UK",한-영 이노베이션펀드 제1호,2023-10-07,41000.0,1000.0
2015,특허기술사업화,BSK인베스트먼트,BSK 4호 특허기술사업화 조합,2023-10-01,10000.0,5000.0
2015,창조관광,에스제이투자파트너스,에스제이-창조관광밸류업벤처조합,2023-09-29,22000.0,13000.0
2015,일반,네오플럭스,네오플럭스 기술가치평가 투자조합,2023-09-23,60000.0,1000.0
2015,청년창업,동훈창업투자,동훈 청년창업펀드,2023-09-21,10000.0,7000.0
2015,청년창업,코나벤처파트너스,넷마블-코나 청년창업투자조합,2023-09-17,20305.0,14200.0
2015,해외진출,아주아이비투자,아주 중소·벤처 해외진출 지원 펀드,2023-08-30,50000.0,20000.0
2015,청년창업,대교인베스트먼트,DKI Growing Star 2호 투자조합,2023-08-24,13000.0,7000.0
2015,일반,엘앤에스벤처캐피탈,엘앤에스 신성장동력 Global Star 투자조합,2023-08-20,52500.0,1000.0
2015,청년창업,BSK인베스트먼트,NAVER-BSK 청년창업 5호 투자조합,2023-08-11,20000.0,9800.0
2015,해외진출,유안타인베스트먼트,KVIC-유안타2015해외진출펀드,2023-07-29,30000.0,12000.0
2015,해외진출,스마일게이트인베스트먼트,스마일게이트화통아진펀드,2023-07-28,58000.0,20000.0
2015,해외진출,"엠벤처투자, Yuanta Asia Investment",글로벌성장지원투자조합,2023-07-23,61000.0,1000.0
2015,해외진출,디에스씨인베스트먼트,글로벌ICT융합펀드,2023-07-19,25000.0,10000.0
2015,스포츠산업 육성,유티씨인베스트먼트,유티씨스포츠1호펀드,2023-07-16,21500.0,10000.0
2015,청년창업,마그나인베스트먼트,마그나3호 Rising Star 펀드,2023-07-14,16000.0,10500.0
2015,청년창업,현대기술투자,현대청년펀드 1호,2023-07-14,20000.0,10500.0
2015,해외진출,미래에셋벤처투자,미래에셋 글로벌 투자조합,2023-07-09,40000.0,16000.0
2015,콘텐츠영세기업,이수창업투자,ISU-위풍당당콘텐츠코리아펀드,2023-07-06,16000.0,10000.0
2015,지방,비케이인베스트먼트,BK 동남권 서비스 전략산업 투자조합,2023-06-29,10000.0,5000.0
2015,특허기술사업화,서울투자파트너스,서울투자 특허벤처 투자조합,2023-06-28,10000.0,5000.0
2015,스포츠산업 육성,보광창업투자,보광22호 스포츠-IT융복합 투자조합,2023-06-17,17000.0,10000.0
2015,지방,엘비인베스트먼트,창조경제바이오펀드,2023-06-01,10110.0,5000.0
2015,청년창업,디에스씨인베스트먼트,KT-DSC창조경제청년창업투자조합,2023-05-18,35000.0,18000.0
2015,디지털콘텐츠 산업육성,코오롱인베스트먼트,코오롱 2015 K-ICT 디지털콘텐츠 투자조합,2023-04-11,20000.0,3000.0
2015,디지털콘텐츠 산업육성,KTB네트워크,KTBN 9호 디지털콘텐츠코리아 투자조합,2023-03-29,30000.0,4500.0
2015,일반,프리미어파트너스,2015 KIF-프리미어 IT 전문투자조합,2023-02-25,40000.0,2000.0
2015,방송콘텐츠,유니온투자파트너스,유니온미디어앤콘텐츠투자조합,2022-12-10,10000.0,6000.0
2015,재무적출자자매칭,피앤아이인베스트먼트,P&I 문화창조투자조합,2022-12-07,15000.0,10000.0
2015,문화 ICT융합,에스브이인베스트먼트,SV 한·중 문화-ICT융합펀드,2022-11-23,46000.0,16000.0
2015,문화 ICT융합,쿨리지코너인베스트먼트,CCVC 문화-ICT 융합 투자조합,2022-11-23,10000.0,4000.0
2015,융합콘텐츠 기획개발,타임와이즈인베스트먼트,KOREA융합콘텐츠투자조합,2022-11-23,14500.0,3000.0
2015,방송영상,레오파트너스인베스트먼트,에스엠씨아이7호위풍당당콘텐츠코리아펀드,2022-10-06,25300.0,15000.0
2015,세컨더리,"아이비케이캐피탈, 에스비아이인베스트먼트",2015 KIF-IBKC/SBI 세컨더리 IT전문투자조합,2022-02-03,70000.0,1000.0
2015,세컨더리,지앤텍벤처투자,지앤텍명장세컨더리투자조합,2022-02-03,53000.0,2000.0
2015,세컨더리,키움인베스트먼트,키움성장15호세컨더리투자조합,2022-02-03,40000.0,2800.0
2015,세컨더리,코오롱인베스트먼트,코오롱 2015 회수시장활성화 투자조합,2022-01-24,31000.0,2100.0
2015,세컨더리,케이앤투자파트너스,케이앤 세컨더리1호 투자조합,2021-04-25,5100.0,100.0
2015,공연예술,키움인베스트먼트,위풍당당콘텐츠코리아-키움문화벤처제2호투자조합,2021-03-27,15500.0,10000.0
2015,세컨더리,"아이비케이캐피탈, 제이앤티인베스트먼트",아이비케이씨-제이앤티세컨더리1호투자조합,2021-01-27,10000.0,190.0
2015,한국영화,유니온투자파트너스,유니온시네마투자조합,2020-10-05,24000.0,14000.0
2014,글로벌콘텐츠,한국투자파트너스,한국투자 글로벌 콘텐츠 투자조합,2025-04-30,96000.0,40000.0
2014,엔젤투자매칭,한국벤처투자,한국 엔젤투자매칭펀드 4호,2025-01-07,32000.0,30000.0
2014,청년창업,케이넷투자파트너스,SK-KNET 청년창업투자조합,2024-12-15,30000.0,18000.0
2014,부품소재,스마일게이트인베스트먼트,스마일게이트 소재부품 투자펀드 2014-3호,2023-11-06,30000.0,1000.0
2014,부품소재,코오롱인베스트먼트,코오롱 소재부품 투자펀드 2014-2호,2023-10-23,43000.0,3000.0
2014,애니/캐릭터,대교인베스트먼트,대교 위풍당당 콘텐츠 코리아 투자조합,2023-09-11,25000.0,15000.0
2014,부품소재,에스엘인베스트먼트,SLi 소재부품 투자펀드 2014-1호,2023-07-15,30000.0,4000.0
2014,디지털콘텐츠 창업초기,쿨리지코너인베스트먼트,CCVC DC 창업초기 투자조합,2023-05-25,10000.0,7000.0
2014,해외진출,"케이티비프라이빗에쿼티, 뉴레이크 얼라이언스 매니지먼트 ",KTB뉴레이크의료글로벌진출사모투자전문회사,2023-04-28,50000.0,10000.0
2014,해외진출,소프트뱅크벤처스,에스비글로벌스타펀드,2023-03-24,120000.0,30000.0
2014,특허기술사업화,케이비인베스트먼트,KB 지식재산 투자조합,2023-02-09,50000.0,10000.0
2014,사회적기업,쿨리지코너인베스트먼트,CCVC 소셜벤처 투자조합,2023-02-01,4000.0,2500.0
2014,콘텐츠영세기업,지비보스톤창업투자,보스톤 위풍당당콘텐츠코리아 투자조합,2023-01-08,26300.0,15000.0
2014,해외진출,투썬인베스트,투썬그린포인트미텔슈탄트펀드Ⅱ,2022-12-23,5600.0,100.0
2014,해외진출,투썬인베스트,투썬그린포인트미텔슈탄트펀드Ⅰ,2022-12-23,40000.0,16000.0
2014,해외진출,한국투자파트너스,한국투자 글로벌 제약산업 육성 사모투자전문회사,2022-12-22,135000.0,20000.0
2014,디지털콘텐츠 산업육성,스마일게이트인베스트먼트,애니팡미래콘텐츠 투자조합,2022-12-15,30000.0,11000.0
2014,해외진출,에스비아이인베스트먼트,에스비아이 아세안 스프링보드 투자조합,2022-12-11,60000.0,3000.0
2014,해외진출,스틱인베스트먼트,스틱 해외진출 플랫폼 펀드,2022-12-11,80000.0,10000.0
2014,해외진출,엠벤처투자,아세안바이오메디컬 투자조합,2022-12-10,60000.0,1000.0
2014,게임,안강벤처투자,AG위풍당당콘텐츠코리아펀드 1호,2022-12-08,10500.0,5000.0
2014,특허기술사업화,"아이디벤처스, 포스코기술투자",POSCO-IDV 성장사다리 IP펀드,2022-12-04,56000.0,10000.0
2014,디지털콘텐츠 산업육성,아주아이비투자,아주 디지털 콘텐츠 투자조합,2022-11-30,26000.0,11000.0
2014,지방,엘앤에스벤처캐피탈,엘앤에스 7호 동남권 상생 투자조합,2022-11-03,10000.0,5000.0
2014,특허기술사업화,아이디벤처스,IDV U-테크 이노베이션 투자조합,2022-10-31,10000.0,8000.0
2014,청년창업,마젤란기술투자,MTI창조혁신펀드,2022-10-07,15000.0,10000.0
2014,디지털콘텐츠 해외진출,에스비아이인베스트먼트,SBI 글로벌 디지털 콘텐츠 ICT 투자조합,2022-09-22,25300.0,12500.0
2014,청년창업,송현인베스트먼트,송현 청년창업 제1호 투자조합,2022-09-04,24000.0,14000.0
2014,청년창업,컴퍼니케이파트너스,컴퍼니케이 챌린지펀드,2022-09-03,20000.0,12000.0
2014,청년창업,세종벤처파트너스,세종 창조성장 청년창업 벤처펀드 1호,2022-09-03,10000.0,7000.0
2014,청년창업,씨케이디창업투자,CKD Start-Up 1호 벤처투자조합,2022-09-03,14500.0,7000.0
2014,디지털콘텐츠 기술제작,컴퍼니케이파트너스,컴퍼니케이파트너스 디지털콘텐츠코리아펀드,2022-08-31,15000.0,9000.0
2014,turn-around,나우아이비캐피탈,나우턴어라운드성장사다리펀드1호 기업재무안정 사모투자전문회사,2022-08-12,50000.0,3000.0
2014,여성,포스코기술투자,포스코여성전문투자조합,2022-07-31,10000.0,6000.0
2014,특허기술사업화,아이비케이캐피탈,IBK금융그룹 IP창조 투자조합,2022-07-10,30000.0,10000.0
2014,청년창업,동문파트너즈,다음청년창업투자조합,2022-07-03,25300.0,15000.0
2014,한국영화,티지씨케이파트너스,티지씨케이콘텐츠투자조합2호,2022-04-26,17000.0,10000.0
2014,재기지원,큐브벤처파트너스,큐브 바운스백 투자조합,2022-04-16,15000.0,9000.0
2014,제작초기,레오파트너스인베스트먼트,에스엠씨아이6호위풍당당콘텐츠코리아펀드,2022-01-01,21800.0,14000.0
2014,청년창업,마이다스동아인베스트먼트,한컴 드림하이 청년창업 투자조합,2021-08-17,10000.0,6000.0
2014,해외진출,에스브이인베스트먼트,SV 한·중 바이오·헬스케어 펀드,2020-12-23,37400.0,12000.0
2014,재기지원,캡스톤파트너스,2014 KIF-캡스톤 재도전 IT 투자조합,2020-12-17,16920.0,3000.0
2014,세컨더리,대성창업투자,대성 세컨더리 투자조합,2020-10-23,25000.0,2000.0
2014,세컨더리,아주아이비투자,아주 세컨더리플러스 투자조합,2020-10-22,30000.0,3000.0
2014,LP지분유동화,케이투인베스트먼트파트너스,케이투 유동화전문 투자조합,2020-10-15,83000.0,28000.0
2014,세컨더리,아이엠엠인베스트먼트,2014 성장사다리-IMM 벤처펀드,2020-08-10,50000.0,1000.0
2014,세컨더리,엠지인베스트먼트,MGI세컨더리투자조합1호,2020-02-24,14990.0,1000.0
2014,지방,티에스인베스트먼트,티에스2015-8 호남충청 투자조합,2020-02-10,10000.0,5000.0
2013,엔젤투자매칭,한국벤처투자,아산나눔-모태펀드 청년 엔젤투자매칭펀드,2024-01-28,10000.0,8900.0
2013,창업초기,비엔에이치인베스트먼트,성장사다리비엔에이치스타트업투자조합,2024-01-07,21400.0,3000.0
2013,M&A,프리미어파트너스,프리미어 Growth-M&A 투자조합,2023-12-27,165500.0,8000.0
2013,엔젤투자매칭,한국벤처투자,경기 엔젤투자매칭펀드,2023-11-11,5000.0,3950.0
2013,엔젤투자매칭,한국벤처투자,한국 엔젤투자매칭펀드3호,2023-11-11,38000.0,37150.0
2013,자조합출자,한국벤처투자,해외진출 글로벌 펀드 1호,2023-10-03,135405.0,134050.0
2013,일반,케이비인베스트먼트,미래창조 KB 창업지원 투자조합,2022-09-05,40000.0,3000.0
2013,창업초기,캡스톤파트너스,캡스톤 4호 성장사다리 투자조합,2022-03-24,60000.0,2000.0
2013,미래성장,에이티넘인베스트먼트,에이티넘고성장기업투자조합,2022-03-11,203000.0,1000.0
2013,일반,네오플럭스,미래창조 네오플럭스 투자조합,2022-03-05,72000.0,1000.0
2013,미래성장,한국투자파트너스,한국투자 미래성장 벤처펀드 제22호,2022-02-27,163500.0,1000.0
2013,특허기술사업화,알바트로스인베스트먼트,알바트로스 기술사업화 투자조합,2022-02-27,17000.0,10000.0
2013,대외협력,에이치비인베스트먼트,2014 에이치비 벤처투자조합,2022-02-26,44000.0,1000.0
2013,일반,엘비인베스트먼트,미래창조LB선도기업 투자펀드 20호,2022-02-26,115900.0,1000.0
2013,미래성장,아이엠엠인베스트먼트,2014 IMM ICT 벤처펀드,2022-02-25,33500.0,500.0
2013,청년창업,엘앤에스벤처캐피탈,엘앤에스 지디 청년창업 투자조합,2022-02-19,30000.0,18000.0
2013,청년창업,"서울투자파트너스, 한빛인베스트먼트",서울투자-HBIC 청년창업 벤처조합,2022-02-05,10000.0,6000.0
2013,M&A,티에스인베트스먼트,미래창조 티에스 M&A7호 투자조합,2022-01-28,45300.0,12000.0
2013,일반,플래티넘기술투자,플래티넘-큰성장펀드,2022-01-27,25000.0,1000.0
2013,M&A,에스비아이인베스트먼트,미래창조 SBI ASEAN-M&A 투자조합,2022-01-16,50000.0,10000.0
2013,창업초기,소프트뱅크벤처스,미래창조 네이버-에스비 스타트업 투자조합,2022-01-13,27000.0,12500.0
2013,세컨더리,키움인베스트먼트,미래창조 다우키움시너지 M&A 세컨더리 투자조합,2022-01-02,50000.0,10000.0
2013,창업초기,스톤브릿지벤처캐피탈,미래창조 네이버스톤브릿지초기기업 투자조합,2022-01-02,25000.0,12500.0
2013,창업초기,에스엘인베스트먼트,미래창조 SLi Creative Mobile 투자펀드,2021-12-26,10000.0,6000.0
2013,M&A,코오롱인베스트먼트,미래창조 코오롱 M&A 투자조합,2021-12-19,40000.0,8000.0
2013,세컨더리,유큐아이파트너스,미래창조 UQIP투자조합,2021-12-18,30000.0,12000.0
2013,창업초기,지온인베스트먼트,미래창조 지온펀드4호,2021-12-05,30000.0,18000.0
2013,해외진출,아주아이비투자,아주Life Science 해외진출 Platform 펀드,2021-11-28,60000.0,1000.0
2013,사회적기업,포스코기술투자,포스텍 사회적기업펀드,2021-11-26,6000.0,2500.0
2013,글로벌제약,인터베스트,인터베스트글로벌제약펀드,2021-09-27,100000.0,20000.0
2013,창업초기,BSK인베스트먼트,BSK 테크스타3호조합,2021-09-25,20000.0,12000.0
2013,성장사다리,메디치인베스트먼트,메디치 중소-중견 녹색 성장사다리 창업투자조합,2021-09-15,20000.0,8000.0
2013,청년창업,스마일게이트인베스트먼트,스마일게이트청년창업펀드,2021-09-12,30000.0,12000.0
2013,해외진출,한국투자파트너스,한국투자 해외진출 Platform펀드,2021-09-12,80000.0,1000.0
2013,특허기술사업화,아이엠엠인베스트먼트,KoFC-IMM R&D-Biz Creation 2013-2호 투자조합,2021-09-10,53000.0,10000.0
2013,R&D사업화,네오플럭스,KoFC-Neoplux R&D-Biz Creation 2013-1호 투자조합,2021-09-06,50000.0,1000.0
2013,창업초기,엘앤에스벤처캐피탈,엘앤에스6호 Early Stage II 투자조합,2021-09-05,15000.0,9000.0
2013,청년창업,디에스씨인베스트먼트,DSC드림제3호청년창업투자조합,2021-08-22,20000.0,14000.0
2013,성장사다리,송현인베스트먼트,송현 성장사다리 제1호 투자조합,2021-08-18,30000.0,12000.0
2013,창업초기,에스제이투자파트너스,SJ-Incuvest 벤처조합 제1호,2021-08-12,10000.0,6000.0
2013,청년창업,케이큐브벤처스,카카오 청년창업펀드,2021-07-11,30000.0,18000.0
2013,청년창업,보광창업투자,보광20호청년창업투자조합,2021-07-03,15000.0,10500.0
2013,창업초기,에스엘인베스트먼트,SLi Creative Start-up 투자펀드,2021-06-20,15000.0,9000.0
2013,청년창업,서울투자파트너스,서울투자 청년창업 벤처조합,2021-02-23,10000.0,7000.0
2013,창업초기,포스코기술투자,미래창조 포스코 초기기업펀드,2020-12-29,30000.0,18000.0
2013,세컨더리,"솔리더스인베스트먼트, IBK캐피탈",미래창조 IBKC-솔리더스 바이오세컨더리 투자조합,2020-12-26,30000.0,12000.0
2013,공연예술,레오파트너스인베스트먼트,에스엠씨아이문화조합4호,2020-12-15,15500.0,10000.0
2013,제작초기,키움인베스트먼트,키움문화벤처제1호투자조합,2020-12-15,20000.0,14000.0
2013,애니/캐릭터,씨엘인베스트,센트럴애니드림투자조합,2020-09-15,21000.0,12000.0
2013,창업초기,메가인베스트먼트,메가트렌드 스타트업 1호 투자조합,2020-08-27,15000.0,9000.0
2013,세컨더리,에스브이인베스트먼트,2014 SV-성장사다리 Gap Coverage 펀드,2020-02-26,77500.0,1000.0
2013,문화산업,케이티비네트워크,IBK-KTB 문화콘텐츠저작재산권투자조합,2018-09-05,20000.0,12000.0
2013,엔젤세컨더리,미래에셋벤처투자,미래에셋 좋은기업 세컨더리 투자조합,2018-08-04,18000.0,1800.0
2013,엔젤세컨더리,"지앤텍벤처투자, IBK캐피탈",IBKC-지앤텍세컨더리투자조합,2018-07-25,30000.0,3000.0
2012,해외진출,케이티비네트워크,KTB-KORUS 펀드,2022-12-02,8000.0,5000.0
2012,엔젤투자매칭,한국벤처투자,대구 엔젤투자매칭펀드,2022-11-22,5000.0,3950.0
2012,엔젤투자매칭,한국벤처투자,강원 엔젤투자매칭펀드,2022-10-18,3000.0,2370.0
2012,엔젤투자매칭,한국벤처투자,대학 엔젤투자매칭펀드,2022-08-15,21000.0,20000.0
2012,엔젤투자매칭,한국벤처투자,한국 엔젤투자매칭펀드2호,2022-08-15,33000.0,31830.0
2012,엔젤투자매칭,한국벤처투자,광주 엔젤투자매칭펀드,2022-08-02,5000.0,3950.0
2012,엔젤투자매칭,한국벤처투자,부산 엔젤투자매칭펀드,2022-06-20,5000.0,3950.0
2012,엔젤투자매칭,한국벤처투자,경남 엔젤투자매칭펀드,2022-06-04,5000.0,3950.0
2012,특허기술사업화,플래티넘기술투자,플래티넘-특허기술사업화펀드,2022-03-10,10000.0,6000.0
2012,제작초기,타임와이즈인베스트먼트,KOREA 콘텐츠 제작초기 전문투자조합,2022-01-06,22500.0,14000.0
2012,특허기술사업화,대덕인베스트먼트,융합기술투자조합,2021-03-10,11100.0,6000.0
2012,일자리,키움인베스트먼트,키움 고성장 가젤기업펀드,2020-11-27,60000.0,1000.0
2012,특허기술사업화,"대성창업투자, 스마일게이트인베스트먼트",연구개발특구 일자리창출투자펀드,2020-10-24,125000.0,12500.0
2012,창업초기,대교인베스트먼트,DKI Growing star 1호 투자조합,2020-10-10,10000.0,6000.0
2012,사회적기업,미래에셋벤처투자,미래에셋사회적기업투자조합2호,2020-09-05,4000.0,2500.0
2012,창업초기,안강벤처투자,AKGI 청년창업육성투자조합1호,2020-07-26,12000.0,4800.0
2012,인큐베이팅,쿨리지코너인베스트먼트,CCVC 인큐베이팅 투자조합,2020-07-26,14500.0,10000.0
2012,1인창조,유니창업투자,유니1인창조기업투자조합,2020-07-26,5760.0,4000.0
2012,대학,디에스씨인베스트먼트,드림제1호KU-DSC그린투자조합,2020-07-11,10000.0,6000.0
2012,1인창조,마젤란기술투자,MTI창조기업펀드,2020-06-25,10000.0,7000.0
2012,1인창조,캡스톤파트너스 유한회사,캡스톤3호 벤처투자조합,2020-06-15,36000.0,18000.0
2012,해외진출,케이티비네트워크,KTB 해외진출 Platform 펀드,2020-01-28,115000.0,13500.0
2012,바이오,씨케이디창업투자,CKD5호 Korea Double Time 벤처투자조합,2020-01-20,7500.0,3000.0
2012,대학,BSK인베스트먼트,BSK-에스엔유 포텐셜2호조합,2019-07-26,10000.0,6000.0
2012,문화산업,대성창업투자,IBK-대성 문화콘텐츠 강소기업 투자조합,2018-01-27,20000.0,10800.0
2012,엔젤세컨더리,티에스인베스트먼트,티에스 2012-5 세컨더리 투자조합,2017-11-04,30000.0,10000.0
2012,한국영화,캐피탈원,캐피탈원 한국영화르네상스 투자조합,2017-10-10,10000.0,5000.0
2012,공연예술,지온인베스트먼트,지온-SMCI콘텐츠펀드,2017-08-25,20000.0,12000.0
2011,엔젤투자매칭,한국벤처투자,한국 엔젤투자매칭펀드 1호,2021-12-04,10000.0,9000.0
2011,자조합출자,한국벤처투자,KoFC-KVIC 일자리창출펀드 2호,2020-10-11,107000.0,5000.0
2011,해외진출,한국투자파트너스,한국투자 글로벌프론티어펀드 제20호,2020-01-25,104800.0,1000.0
2011,신성장,LB인베스트먼트,KoFC LB Pioneer Champ 2011-4호투자조합,2019-12-27,71600.0,5000.0
2011,해외진출,스틱인베스트먼트,스틱팬아시아테크놀로지펀드,2019-12-20,138500.0,7000.0
2011,해외진출,소프트뱅크벤처스,에스비팬아시아펀드,2019-12-15,87500.0,3500.0
2011,해외진출,에이티넘인베스트먼트,에이티넘팬아시아조합,2019-12-14,105720.0,5000.0
2011,인큐베이팅,투썬인베스트,투썬큐엠1호조합,2019-11-21,20000.0,14000.0
2011,해외진출,린드먼아시아인베스트먼트,린드먼팬아시아신성장투자조합,2019-10-27,100000.0,5000.0
2011,일반,엠벤처투자,"MaC Fund, L.P",2019-07-09,37619.4,14276.81967
2011,글로벌콘텐츠,소빅창업투자,유니온글로벌콘텐츠투자조합,2018-11-27,123640.0,40000.0
2011,문화산업,타임와이즈인베스트먼트,TW14호문화콘텐츠투자조합,2018-11-13,20000.0,8000.0
2011,특허기술사업화,티에스인베스트먼트,티에스 2011-4 특허기술사업화투자조합,2018-11-13,16600.0,10000.0
2011,CG/3D,보광창업투자,보광18호 콘텐츠 투자조합,2018-11-08,8312.5,5000.0
2011,게임,지온인베스트먼트,지온콘텐츠펀드2호,2018-10-26,14000.0,7000.0
2011,특허기술사업화,이노폴리스파트너스,2011 KIF-이노폴리스 IT전문투자조합,2018-10-11,30000.0,10000.0
2011,문화산업,대성창업투자,대성 CT 투자조합,2018-07-17,19500.0,8000.0
2011,창업초기,마이벤처파트너스,마이벤처초기기업투자조합,2018-07-07,10000.0,6000.0
2011,창업초기,우리기술투자,우리초기투자조합12호,2018-07-03,10000.0,6000.0
2011,사회적기업,미래에셋벤처투자,미래에셋사회적기업투자조합,2018-06-21,4200.0,2500.0
2011,제작초기,미시간벤처캐피탈,미시간글로벌컨텐츠투자조합4호,2018-06-16,10000.0,7000.0
2011,신성장,코오롱인베스트먼트,코오롱2011신성장투자조합,2018-06-07,20000.0,8000.0
2011,창업초기,서울투자파트너스,서울투자 초기&녹색벤처조합,2018-05-29,16000.0,6000.0
2011,해외진출,인터베스트,한싱하이테크투자조합Ⅲ,2016-12-20,110000.0,4500.0
2011,드라마,일신창업투자,일신 뉴코리안웨이브 투자조합,2016-06-08,30500.0,15000.0
2011,중저예산영화,캐피탈원,캐피탈원 중저예산영화전문 투자조합,2016-06-02,12000.0,6000.0
2010,자조합출자,한국벤처투자,KoFC-KVIC 일자리창출펀드,2019-06-22,120000.0,10000.0
2010,특허기술사업화,산은캐피탈,KDBC특허사업화투자조합2호,2019-01-20,30000.0,10000.0
2010,일반,한국투자파트너스,한국투자그로스캐피탈펀드제17호,2019-01-18,75000.0,750.0
2010,일반,LB인베스트먼트,LB크로스보더펀드Ⅱ,2019-01-17,71500.0,700.0
2010,신성장,아주아이비투자,AJUIB-Advanced Materials전문투자조합,2018-08-02,40000.0,10000.0
2010,부품소재,LB인베스트먼트,KoFC LB Pioneer Champ 2010-10호투자조합,2018-07-09,33000.0,300.0
2010,창업초기,아이엠엠인베스트먼트,아이엠엠그린테크펀드,2018-06-29,10000.0,7000.0
2010,신성장,바이넥스트창업투자,KoFC-대성 Pioneer Champ2010-2호벤처투자조합,2018-06-29,40000.0,10000.0
2010,CG/3D,이수창업투자,ISU-르네상스콘텐츠투자조합,2018-01-30,15000.0,7500.0
2010,방송통신,미시간벤처캐피탈,미시간방송컨텐츠전문투자조합,2018-01-26,10000.0,5000.0
2010,한국영화,소빅창업투자,유니온영상전문투자조합,2018-01-06,15000.0,5000.0
2010,방송통신,컴퍼니케이파트너스,컴퍼니케이파트너스 방송콘텐츠전문투자조합,2017-12-06,10000.0,5000.0
2010,일반,안강벤처투자,AKGI상생경제투자조합 1호,2017-11-21,15012.0,4500.0
2010,M&A,나우아이비캐피탈,나우일본테크놀로지 투자펀드1호,2017-11-10,30000.0,15000.0
2010,창업초기,비오케이창업투자 ,매그넘창업초기1호투자조합,2017-11-04,10000.0,7000.0
2010,창업초기,제이앤티인베스트먼트,제이앤티프론티어창업투자조합,2017-10-20,15000.0,7000.0
2010,창업초기,BSK인베스트먼트,BSK 포텐셜 1호 투자조합,2017-10-19,10000.0,7000.0
2010,신성장,프리미어파트너스,2010 KIF-프리미어 투자조합,2017-09-29,100000.0,8000.0
2010,문화산업,동문파트너즈,동문미디어콘텐츠&문화기술투자조합,2017-08-29,34000.0,12000.0
2010,일반,캡스톤파트너스,2010 KIF-캡스톤 IT 전문투자조합,2017-08-24,50000.0,5000.0
2010,일반,네오플럭스,2010 KIF-네오플럭스 IT 전문투자조합,2017-08-23,30000.0,3500.0
2010,신성장,네오플럭스,KoFC Neoplux Pioneer Champ 2010-7호투자조합,2017-07-08,63000.0,600.0
2010,신성장,보광창업투자,KoFC-보광 Pioneer Champ 2010-3호투자조합,2017-07-04,35000.0,8000.0
2010,M&A,에스브이인베스트먼트,에스브이M&A1호투자조합,2017-06-29,24920.0,8500.0
2010,신성장,한국투자파트너스,코에프씨-한투파이오니아챔프2010-1호벤처투자조합,2017-06-29,60000.0,10000.0
2010,CG/3D,소빅창업투자,유니온글로벌CG투자조합,2017-06-07,15000.0,7500.0
2010,창업초기,포스코기술투자,포스텍초기기업펀드,2017-05-18,10000.0,6500.0
2010,창업초기,엘앤에스벤처캐피탈,엘앤에스5호 Early Stage투자조합,2017-05-17,10000.0,7000.0
2010,드라마,윈브릿지캐피탈,대한민국 드라마 전문투자조합 1호,2015-09-09,18144.0,10500.0
2009,특허기술사업화,산은캐피탈,아이큐브투자조합1호,2019-12-22,24600.0,9000.0
2009,특허기술사업화,스카이레이크인베스트먼트,스카이레이크 제4호 0901 사모투자전문회사,2017-08-27,100000.0,20000.0
2009,문화산업,미시간벤처캐피탈,미시간글로벌컨텐츠투자조합3호,2017-05-06,15000.0,4500.0
2009,게임,지온인베스트먼트,지온콘텐츠펀드1호,2017-01-18,12000.0,4800.0
2009,신성장,에이치비인베스트먼트,튜브메가트랜드투자조합,2016-12-16,51000.0,20000.0
2009,해외진출,엠벤처투자,아시아퍼시픽벤처투자조합2호,2016-12-16,40860.75,16344.3
2009,M&A,LB인베스트먼트,LB 제미니 신성장펀드 16호,2016-12-07,93381.915,20031.0
2009,창업초기,우리인베스트먼트,보스톤인큐베이션투자조합,2016-12-07,10000.0,5000.0
2009,신성장,큐브벤처파트너스,큐브-MEGI 투자조합,2016-10-13,30000.0,15000.0
2009,창업초기,선명벤처캐피탈,선명 제1호 초기기업전문투자조합,2016-10-08,10000.0,7000.0
2009,창업초기,스톤브릿지벤처캐피탈,스톤브릿지초기기업전문투자조합,2016-09-29,11000.0,7000.0
2009,창업초기,동훈창업투자,동훈 초기기업전문 투자조합,2016-09-29,10000.0,7000.0
2009,신성장,유큐아이파트너스,UQIP 신성장동력 벤처조합 제1호,2016-08-24,20000.0,8000.0
2009,창업초기,우리기술투자,우리초기투자조합10호,2016-07-15,10000.0,7000.0
2009,창업초기,스마일게이트인베스트먼트,스마일게이트17호초기기업전문투자조합,2016-06-25,10000.0,7000.0
2009,창업초기,플래티넘기술투자,플래티넘START-UP펀드,2016-06-14,5000.0,3500.0
2009,창업초기,네오플럭스,NewWave 제5호 초기기업 전문투자조합,2016-03-29,12000.0,8400.0
2009,신성장,"중소기업은행, SK증권 ",글로벌소프트웨어기업육성 사모투자전문회사,2014-07-16,42000.0,3000.0
2009,M&A,인터베스트,인터베스트 신성장투자조합,2014-04-27,100000.0,15000.0
2008,특허기술사업화,아주IB투자,아주특허기술사업화 투자조합,2016-04-19,10000.0,4000.0
2008,공연예술,미시간벤처캐피탈,미시간글로벌컨텐츠투자조합2호,2016-03-03,12500.0,5000.0
2008,문화산업,우리인베스트먼트,보스톤글로벌영상콘텐츠투자조합,2016-02-12,31400.0,4400.0
2008,지방,삼호그린인베스트먼트,전남그린에너지펀드,2016-01-22,7600.0,3600.0
2008,게임,케이넷투자파트너스,케이넷문화콘텐츠전문투자조합,2015-11-23,50000.0,20000.0
2008,부품소재,기은캐피탈,IBKC 이노비즈-부품소재 투자조합 제1호,2015-11-19,12000.0,4800.0
2008,특허기술사업화,동훈창업투자,동훈특허기술사업화투자조합,2015-08-27,10000.0,4000.0
2007,창업초기,캡스톤파트너스,캡스톤초기전문투자조합,2015-02-04,35875.0,24000.0
2007,해외진출,엠벤처투자,엠차이나펀드1호,2015-01-10,42500.0,12750.0
2007,애니/캐릭터,스톤브릿지벤처캐피탈,스톤브릿지디지탈콘텐츠전문투자조합,2015-01-03,29000.0,11600.0
2007,해외진출,린드먼아시아창업투자,한중협력투자조합,2014-09-17,31194.24,9358.272
2007,특허기술사업화,우리인베스트먼트,보스톤특허기술사업화전문투자조합,2013-03-31,10000.0,4000.0
2006,해외진출,엠벤처투자,아시아퍼시픽벤처투자조합B,2014-09-28,28341.0,11346.6
2006,문화산업,미시간벤처캐피탈,미시간글로벌컨텐츠투자조합,2014-06-24,10000.0,3000.0
2006,문화산업,우리인베스트먼트,보스톤영상콘텐츠전문투자조합,2013-12-27,18700.0,5100.0
2005,바이오,인터베스트,인터베스트바이오전문투자조합(한국모태펀드05-01),2012-10-20,28000.0,6000.0
